<?xml version="1.0" encoding="UTF-8"?>
<suite name="IPG_Automation" allow-return-values="true">
	<test name="MEprofileCreation - YES Bank" preserve-order="true">
		
	 <classes>
	
	<!-- TRANSACTION PORTAL --> 
	
	  
	  
	<class name="com.IpgTransactionPortal.testScripts.SaleInrVisaCc_Test"/>
	<class name="com.IpgTransactionPortal.testScripts.SaleInrMasterCc_Test"/>
	<class name="com.IpgTransactionPortal.testScripts.PreauthInrVisaCc_Test"/>
	<class name="com.IpgTransactionPortal.testScripts.PreauthInrMasterCc_Test"/>
	<!-- <class name="com.IpgTransactionPortal.testScripts.EmiSaleInrMasterCc_Test"/>
	<class name="com.IpgTransactionPortal.testScripts.EmiSaleInrMasterCcWithoutEmi_Test"/>
	<class name="com.IpgTransactionPortal.testScripts.EmiSaleInrVisaCc_Test"/>
	<class name="com.IpgTransactionPortal.testScripts.EmiSaleInrVisaCcWithoutEmi_Test"/> -->
	<class name="com.IpgTransactionPortal.testScripts.SaleInrSmartCheckoutCc_Test"/>
	<class name="com.IpgTransactionPortal.testScripts.SaleDccMasterCc_MerchantCurrency_Test"/>
	<class name="com.IpgTransactionPortal.testScripts.SaleDccMasterCc_HomeCurrency_Test"/>
	<class name="com.IpgTransactionPortal.testScripts.SaleDccVisaCcMerchantCurrency_Test"/>
	<class name="com.IpgTransactionPortal.testScripts.SaleDccVisaCcHomeCurrency_Test"/>
	<class name="com.IpgTransactionPortal.testScripts.PreauthDccVisaCc_HomeCurrency_Test"/>
	<class name="com.IpgTransactionPortal.testScripts.PreauthDccVisaCc_MerchantCurrency_Test"/>
	<class name="com.IpgTransactionPortal.testScripts.PreauthDccMasterCc_HomeCurrency_Test"/>
	<class name="com.IpgTransactionPortal.testScripts.PreauthDccMasterCc_MerchantCurrency_Test"/>
	<class name="com.IpgTransactionPortal.testScripts.SaleInrMasteroDc_Test"/>  
	

	
	<!--ADMIN PORTAL  -->

	        
	 <class name="com.IpgTransAdminPortal.testScripts.SettlementFileGeneration_Test"/>
	<!--  <class name="com.IpgTransAdminPortal.testScripts.AddPhysicalStoreMSF_Test"/> -->
	<class name="com.IpgTransAdminPortal.testScripts.AddStoreHostMsf_Test"/>
	<class name="com.IpgTransAdminPortal.testScripts.AddStoreAggregatorConv_Test"/>
	<class name="com.IpgTransAdminPortal.testScripts.HostedRiskApproval_Test"/>
	<class name="com.IpgTransAdminPortal.testScripts.AddScheme_Test"/>
	<class name="com.IpgTransAdminPortal.testScripts.ApproveScheme_Test"/>
	<class name="com.IpgTransAdminPortal.testScripts.EditScheme_Test"/>
	<class name="com.IpgTransAdminPortal.testScripts.DeactivateScheme_Test"/>
	<class name="com.IpgTransAdminPortal.testScripts.AddAcquirerBank_Test"/>
	<class name="com.IpgTransAdminPortal.testScripts.ApproveAcquirerBank_Test"/>
	<class name="com.IpgTransAdminPortal.testScripts.EditAcquirerBank_Test"/>
	<class name="com.IpgTransAdminPortal.testScripts.DeactivateAcquirerBank_Test"/>
	<class name="com.IpgTransAdminPortal.testScripts.AddLegalVehicle_Test"/>
	<class name="com.IpgTransAdminPortal.testScripts.ApproveLegalVehicle_Test"/>
	<class name="com.IpgTransAdminPortal.testScripts.EditLegalVehicle_Test"/>
	<class name="com.IpgTransAdminPortal.testScripts.DeactivateLegalVehicle_Test"/>
	<class name="com.IpgTransAdminPortal.testScripts.AddEmiProgram_Test"/>
	<class name="com.IpgTransAdminPortal.testScripts.ApproveEmiProgram_Test"/>
	<class name="com.IpgTransAdminPortal.testScripts.DeactivateEmiProgram_Test"/>
	<class name="com.IpgTransAdminPortal.testScripts.AddFacilitator_Test"/>
	<class name="com.IpgTransAdminPortal.testScripts.AddLedgerAccount_Test"/>
	<class name="com.IpgTransAdminPortal.testScripts.AddManufacturer_Test"/>
	<class name="com.IpgTransAdminPortal.testScripts.AddNetBankingLegalVehicle_Test"/>
	<class name="com.IpgTransAdminPortal.testScripts.AddTax_Test"/>
	<class name="com.IpgTransAdminPortal.testScripts.CreateNewUser_Test"/>
	<class name="com.IpgTransAdminPortal.testScripts.ApproveUser_Test"/>
	<class name="com.IpgTransAdminPortal.testScripts.EditActivatedUser_Test"/>
	<class name="com.IpgTransAdminPortal.testScripts.UserToRoleMap_Test"/>
	<class name="com.IpgTransAdminPortal.testScripts.DeactivateUser_Test"/>
	<class name="com.IpgTransAdminPortal.testScripts.DisputeManagement_Test"/>
	<class name="com.IpgTransAdminPortal.testScripts.DisputeManagement_Test"/>
	<class name="com.IpgTransAdminPortal.testScripts.ManageBsf_Test"/>
	<class name="com.IpgTransAdminPortal.testScripts.SettlementFileReconciliation_Test"/>
	<class name="com.IpgTransAdminPortal.testScripts.SettlementFileValidationTest"/>  
	

	 
	<!--<class name="com.IpgTransAdminPortal.testScripts.MerchPayGeneration_Test"/>
	<class name="com.IpgTransAdminPortal.testScripts.MerchPayGeneration_Validation_Test"/>
	<class name="com.IpgTransAdminPortal.testScripts.NetbankCancelDownload_Test"/>
	<class name="com.IpgTransAdminPortal.testScripts.NetbankCancelDownload_Validation_Test"/>
	<class name="com.IpgTransAdminPortal.testScripts.NetbankFileReconciliationUpload_Test"/>
	<class name="com.IpgTransAdminPortal.testScripts.NetbankFileReconciliationUpload_Validation_Test"/>
	<class name="com.IpgTransAdminPortal.testScripts.SettlementCancelMarking_Test"/>
	<class name="com.IpgTransAdminPortal.testScripts.SettlementCancelRefundUpload_Test"/>
	<class name="com.IpgTransAdminPortal.testScripts.SettlementCancelRefundUpload_Validation_Test"/>-->
	
	<!--Admin Portal Reports  -->
	
	  
		  
	<class name="com.IpgTransAdminPortal.testScripts.AllTransactionReport_Test"/>
	<class name="com.IpgTransAdminPortal.testScripts.TransactionSearchReport_Test"/>
	<class name="com.IpgTransAdminPortal.testScripts.AcqBankwiseUnsettledTransactionReport_Test"/>
	<class name="com.IpgTransAdminPortal.testScripts.AcqBankwiseSaleSummaryReport_Test"/>
	<class name="com.IpgTransAdminPortal.testScripts.MerchantPaymentAdviceReport_Test"/>
	<class name="com.IpgTransAdminPortal.testScripts.FrmAlertReport_Test"/>
	<class name="com.IpgTransAdminPortal.testScripts.SettlementFileGeneration_Validation_Test"/>
	<class name="com.IpgTransAdminPortal.testScripts.VarianceReport_Test"/>
	<class name="com.IpgTransAdminPortal.testScripts.MonthlyInvoicingReport_Test"/>
	<class name="com.IpgTransAdminPortal.testScripts.MerchantWiseMisReport_Test"/>
	<class name="com.IpgTransAdminPortal.testScripts.MisTransactionReport_Test"/>
	<class name="com.IpgTransAdminPortal.testScripts.ProfitLossAccountReport_Test"/>
	<class name="com.IpgTransAdminPortal.testScripts.ChargebacksToSalesRatioReport_Test"/>
	<class name="com.IpgTransAdminPortal.testScripts.ChargebacksDailyAgingReport_Test"/>
	<class name="com.IpgTransAdminPortal.testScripts.ChargebacksDetailedTransactionReport_Test"/>
	<class name="com.IpgTransAdminPortal.testScripts.ProfitabilityReport_Test"/>
	<class name="com.IpgTransAdminPortal.testScripts.ProfitLossAccountReport_Test"/>
	<class name="com.IpgTransAdminPortal.testScripts.MerchantDetailsReport_Test"/>
	<class name="com.IpgTransAdminPortal.testScripts.MerchantVolumeReport_Test"/>
	<class name="com.IpgTransAdminPortal.testScripts.DeactiveMerchantReport_Test"/>
	<class name="com.IpgTransAdminPortal.testScripts.DailySalesReport_Test"/>
	<class name="com.IpgTransAdminPortal.testScripts.TrialBalanceReport_Test"/>
	<class name="com.IpgTransAdminPortal.testScripts.SelfRegistrationReport_Test"/>
	<class name="com.IpgTransAdminPortal.testScripts.MerchantStatusReport_Test"/>
	<class name="com.IpgTransAdminPortal.testScripts.SmartCheckoutReport_Test"/>
	<class name="com.IpgTransAdminPortal.testScripts.EmiRegistrationReport_Test"/>
	<class name="com.IpgTransAdminPortal.testScripts.MerchantOutstandingReport_Test"/>
	<class name="com.IpgTransAdminPortal.testScripts.RiskScoringReport_Test"/>
	<class name="com.IpgTransAdminPortal.testScripts.SettlementFileValidationTest"/>  



	<!--Merchant Portal Reports  -->
	<!--  
	<class name="com.IpgMerchantPortal.testScripts.SuccessfulTransactionsReports_Test"/> 
	<class name="com.IpgMerchantPortal.testScripts.AllReports_Test"/>
	<class name="com.IpgMerchantPortal.testScripts.CancellationInProgressOrCompletedReports_Test"/>
	<class name="com.IpgMerchantPortal.testScripts.ChargebackReports_Test"/>
	<class name="com.IpgMerchantPortal.testScripts.DashboardPage_Test"/>
	<class name="com.IpgMerchantPortal.testScripts.FailedTransactionsReports_Test"/>
	<class name="com.IpgMerchantPortal.testScripts.MerchantPaymentCompletedReports_Test"/>
	<class name="com.IpgMerchantPortal.testScripts.MerchantPaymentPendingReports_Test"/>
	<class name="com.IpgMerchantPortal.testScripts.OnHoldTransactionsReports_Test"/>
	<class name="com.IpgMerchantPortal.testScripts.PendingForSettlementMarkingReports_Test"/>
	-->
<!-- 

	<class name="com.IpgMerchantPortal.testScripts.PreAuthorizationPage_Test"/>
	<class name="com.IpgMerchantPortal.testScripts.RefundInProgressOrCompletedReports_Test"/>
	<class name="com.IpgMerchantPortal.testScripts.RefundPage_Test"/>
	<class name="com.IpgMerchantPortal.testScripts.SettlementInProgressOrCompletedReports_Test"/>
	<class name="com.IpgMerchantPortal.testScripts.SettlementPage_Test"/>
	<class name="com.IpgMerchantPortal.testScripts.CancellationPage_Test"/>
	
	
	 -->
	</classes>  
	</test>

</suite>